row_in_page,Name,Texas Attorneys,Texas Population,Ratio of Attorneys to Population,Attorneys as a Percent of Total In-State Attorneys,docu_name,page_number,potential_counties_detected
0,Houston-The Woodlands-Sugar Land MSA,"28,604","6,772,470",1:237,32.01%,AttorneyPopulationDensity2016-17.pdf,4,14
1,Dallas-Fort Worth-Arlington MSA,"27,346","7,233,323",1:265,30.60%,AttorneyPopulationDensity2016-17.pdf,4,14
2,Austin-Round Rock MSA,"12,105","2,056,405",1:170,13.55%,AttorneyPopulationDensity2016-17.pdf,4,14
3,San Antonio-New Braunfels MSA,"6,863","2,429,609",1:354,7.68%,AttorneyPopulationDensity2016-17.pdf,4,14
4,El Paso MSA,"1,286","841,971",1:655,1.44%,AttorneyPopulationDensity2016-17.pdf,4,14
5,Corpus Christi MSA,"1,076","454,726",1:423,1.20%,AttorneyPopulationDensity2016-17.pdf,4,14
6,McAllen-Edinburgh-Mission MSA,"1,058","849,843",1:803,1.18%,AttorneyPopulationDensity2016-17.pdf,4,14
7,Lubbock MSA,819,"314,840",1:384,0.92%,AttorneyPopulationDensity2016-17.pdf,4,14
8,Beaumont-Port Arthur MSA,773,"409,968",1:530,0.87%,AttorneyPopulationDensity2016-17.pdf,4,14
9,Waco MSA,655,"265,207",1:405,0.73%,AttorneyPopulationDensity2016-17.pdf,4,14
10,Abilene MSA,273,"170,364",1:624,0.31%,AttorneyPopulationDensity2016-17.pdf,4,14
11,Callahan County,5,"13,820","1:2,764",0.01%,AttorneyPopulationDensity2016-17.pdf,4,14
12,Jones County,10,"20,009","1:2,001",0.01%,AttorneyPopulationDensity2016-17.pdf,4,14
13,Taylor County,258,"136,535",1:529,0.29%,AttorneyPopulationDensity2016-17.pdf,4,14
14,Amarillo MSA,606,"263,342",1:430,0.68%,AttorneyPopulationDensity2016-17.pdf,4,14
15,Armstrong County,1,"1,876","1:1,876",0.00%,AttorneyPopulationDensity2016-17.pdf,4,14
16,Carson County,5,"6,057","1:1,211",0.01%,AttorneyPopulationDensity2016-17.pdf,4,14
17,Oldham County,0,"2,076",1:--,0.00%,AttorneyPopulationDensity2016-17.pdf,4,14
18,Potter County,438,"120,832",1:276,0.49%,AttorneyPopulationDensity2016-17.pdf,4,14
19,Randall County,162,"132,501",1:818,0.18%,AttorneyPopulationDensity2016-17.pdf,4,14
20,Austin-Round Rock MSA,"12,105","2,056,405",1:170,13.55%,AttorneyPopulationDensity2016-17.pdf,4,14
21,Bastrop County,106,"82,733",1:781,0.12%,AttorneyPopulationDensity2016-17.pdf,4,14
22,Caldwell County,46,"41,161",1:895,0.05%,AttorneyPopulationDensity2016-17.pdf,4,14
23,Hays County,486,"204,470",1:421,0.54%,AttorneyPopulationDensity2016-17.pdf,4,14
24,Travis County,"10,441","1,199,323",1:115,11.68%,AttorneyPopulationDensity2016-17.pdf,4,14
25,Williamson County,"1,026","528,718",1:515,1.15%,AttorneyPopulationDensity2016-17.pdf,4,14
0,Beaumont-Port Arthur MSA,773,"409,968",1:530,0.87%,AttorneyPopulationDensity2016-17.pdf,5,36
1,.Hardin County,54,"56,322","1:1,043",0.06%,AttorneyPopulationDensity2016-17.pdf,5,36
2,.Jefferson County,644,"254,679",1:395,0.72%,AttorneyPopulationDensity2016-17.pdf,5,36
3,Newton County,5,"14,003","1:2,801",0.01%,AttorneyPopulationDensity2016-17.pdf,5,36
4,.Orange County,70,"84,964","1:1,214",0.08%,AttorneyPopulationDensity2016-17.pdf,5,36
5,Brownsville-Harlingen MSA,579,"422,135",1:729,0.65%,AttorneyPopulationDensity2016-17.pdf,5,36
6,.Cameron County,579,"422,135",1:729,0.65%,AttorneyPopulationDensity2016-17.pdf,5,36
7,College Station-Bryan MSA,449,"254,928",1:568,0.50%,AttorneyPopulationDensity2016-17.pdf,5,36
8,.Brazos County,410,"220,417",1:538,0.46%,AttorneyPopulationDensity2016-17.pdf,5,36
9,.Burleson County,18,"17,760",1:987,0.02%,AttorneyPopulationDensity2016-17.pdf,5,36
10,.Robertson County,21,"16,751",1:798,0.02%,AttorneyPopulationDensity2016-17.pdf,5,36
11,Corpus Christi MSA,"1,076","454,726",1:423,1.20%,AttorneyPopulationDensity2016-17.pdf,5,36
12,.Aransas County,35,"25,721",1:735,0.04%,AttorneyPopulationDensity2016-17.pdf,5,36
13,.Nueces County,971,"361,350",1:372,1.09%,AttorneyPopulationDensity2016-17.pdf,5,36
14,.San Patricio County,70,"67,655",1:967,0.08%,AttorneyPopulationDensity2016-17.pdf,5,36
15,Dallas-Fort Worth-Arlington MSA,"27,346","7,233,323",1:265,30.60%,AttorneyPopulationDensity2016-17.pdf,5,36
16,.Collin County,"2,937","939,585",1:320,3.29%,AttorneyPopulationDensity2016-17.pdf,5,36
17,.Dallas County,"16,369","2,574,984",1:157,18.32%,AttorneyPopulationDensity2016-17.pdf,5,36
18,.Denton County,"1,441","806,180",1:559,1.61%,AttorneyPopulationDensity2016-17.pdf,5,36
19,.Ellis County,208,"168,499",1:810,0.23%,AttorneyPopulationDensity2016-17.pdf,5,36
20,Hood County,96,"56,857",1:592,0.11%,AttorneyPopulationDensity2016-17.pdf,5,36
21,.Hunt County,75,"92,073","1:1,228",0.08%,AttorneyPopulationDensity2016-17.pdf,5,36
22,.Johnson County,176,"163,274",1:928,0.20%,AttorneyPopulationDensity2016-17.pdf,5,36
23,.Kaufman County,151,"118,350",1:784,0.17%,AttorneyPopulationDensity2016-17.pdf,5,36
24,.Parker County,193,"129,441",1:671,0.22%,AttorneyPopulationDensity2016-17.pdf,5,36
25,.Rockwall County,261,"93,978",1:360,0.29%,AttorneyPopulationDensity2016-17.pdf,5,36
26,Somervell County,6,"8,775","1:1,463",0.01%,AttorneyPopulationDensity2016-17.pdf,5,36
27,.Tarrant County,"5,370","2,016,872",1:376,6.01%,AttorneyPopulationDensity2016-17.pdf,5,36
28,.Wise County,63,"64,455","1:1,023",0.07%,AttorneyPopulationDensity2016-17.pdf,5,36
29,El Paso MSA,"1,286","841,971",1:655,1.44%,AttorneyPopulationDensity2016-17.pdf,5,36
30,.El Paso County,"1,286","837,918",1:652,1.44%,AttorneyPopulationDensity2016-17.pdf,5,36
31,Hudspeth County,0,"4,053",1:--,0.00%,AttorneyPopulationDensity2016-17.pdf,5,36
32,Houston-The Woodlands-Sugar Land MSA,"28,604","6,772,470",1:237,32.01%,AttorneyPopulationDensity2016-17.pdf,5,36
33,.Austin County,46,"29,758",1:647,0.05%,AttorneyPopulationDensity2016-17.pdf,5,36
34,.Brazoria County,722,"354,195",1:491,0.81%,AttorneyPopulationDensity2016-17.pdf,5,36
35,.Chambers County,32,"39,899","1:1,247",0.04%,AttorneyPopulationDensity2016-17.pdf,5,36
36,.Fort Bend County,"1,771","741,237",1:419,1.98%,AttorneyPopulationDensity2016-17.pdf,5,36
37,.Galveston County,808,"329,431",1:408,0.90%,AttorneyPopulationDensity2016-17.pdf,5,36
38,.Harris County,"23,602","4,589,928",1:194,26.41%,AttorneyPopulationDensity2016-17.pdf,5,36
39,.Liberty County,72,"81,704","1:1,135",0.08%,AttorneyPopulationDensity2016-17.pdf,5,36
40,.Montgomery County,"1,496","556,203",1:372,1.67%,AttorneyPopulationDensity2016-17.pdf,5,36
41,.Waller County,55,"50,115",1:911,0.06%,AttorneyPopulationDensity2016-17.pdf,5,36
0,.Bell County,347,"340,411",1:981,0.39%,AttorneyPopulationDensity2016-17.pdf,6,30
1,.Coryell County,35,"74,686","1:2,134",0.04%,AttorneyPopulationDensity2016-17.pdf,6,30
2,.Lampasas County,19,"20,760","1:1,093",0.02%,AttorneyPopulationDensity2016-17.pdf,6,30
3,.Webb County,348,"271,193",1:779,0.39%,AttorneyPopulationDensity2016-17.pdf,6,30
4,.Gregg County,295,"123,745",1:419,0.33%,AttorneyPopulationDensity2016-17.pdf,6,30
5,.Rusk County,32,"52,732","1:1,648",0.04%,AttorneyPopulationDensity2016-17.pdf,6,30
6,.Upshur County,35,"40,969","1:1,171",0.04%,AttorneyPopulationDensity2016-17.pdf,6,30
7,.Crosby County,5,"5,992","1:1,198",0.01%,AttorneyPopulationDensity2016-17.pdf,6,30
8,.Lubbock County,808,"303,137",1:375,0.90%,AttorneyPopulationDensity2016-17.pdf,6,30
9,.Hidalgo County,"1,058","849,843",1:803,1.18%,AttorneyPopulationDensity2016-17.pdf,6,30
10,Martin County,2,"5,723","1:2,862",0.00%,AttorneyPopulationDensity2016-17.pdf,6,30
11,.Midland County,494,"162,565",1:329,0.55%,AttorneyPopulationDensity2016-17.pdf,6,30
12,.Ector County,187,"157,462",1:842,0.21%,AttorneyPopulationDensity2016-17.pdf,6,30
13,.Irion County,1,"1,557","1:1,557",0.00%,AttorneyPopulationDensity2016-17.pdf,6,30
14,.Tom Green County,198,"118,386",1:598,0.22%,AttorneyPopulationDensity2016-17.pdf,6,30
15,.Atascosa County,39,"48,797","1:1,251",0.04%,AttorneyPopulationDensity2016-17.pdf,6,30
16,.Bandera County,30,"21,776",1:726,0.03%,AttorneyPopulationDensity2016-17.pdf,6,30
17,.Bexar County,"6,109","1,928,680",1:316,6.84%,AttorneyPopulationDensity2016-17.pdf,6,30
18,.Comal County,295,"134,788",1:457,0.33%,AttorneyPopulationDensity2016-17.pdf,6,30
19,.Guadalupe County,146,"155,265","1:1,063",0.16%,AttorneyPopulationDensity2016-17.pdf,6,30
20,.Kendall County,167,"42,540",1:255,0.19%,AttorneyPopulationDensity2016-17.pdf,6,30
21,.Medina County,43,"49,283","1:1,146",0.05%,AttorneyPopulationDensity2016-17.pdf,6,30
22,.Wilson County,34,"48,480","1:1,426",0.04%,AttorneyPopulationDensity2016-17.pdf,6,30
23,.Grayson County,198,"128,235",1:648,0.22%,AttorneyPopulationDensity2016-17.pdf,6,30
24,.Bowie County,211,"93,860",1:445,0.24%,AttorneyPopulationDensity2016-17.pdf,6,30
25,.Smith County,627,"225,290",1:359,0.70%,AttorneyPopulationDensity2016-17.pdf,6,30
26,.Goliad County,6,"7,517","1:1,253",0.01%,AttorneyPopulationDensity2016-17.pdf,6,30
27,.Victoria County,178,"92,467",1:519,0.20%,AttorneyPopulationDensity2016-17.pdf,6,30
0,Waco MSA,655,265207,1:405,0.73%,AttorneyPopulationDensity2016-17.pdf,7,38
1,Falls County,14,17273,"1:1,234",0.02%,AttorneyPopulationDensity2016-17.pdf,7,38
2,.McLennan County,641,247934,1:387,0.72%,AttorneyPopulationDensity2016-17.pdf,7,38
3,Wichita Falls MSA,221,150734,1:682,0.25%,AttorneyPopulationDensity2016-17.pdf,7,38
4,.Archer County,4,8703,"1:2,176",0.00%,AttorneyPopulationDensity2016-17.pdf,7,38
5,.Clay County,6,10193,"1:1,699",0.01%,AttorneyPopulationDensity2016-17.pdf,7,38
6,.Wichita County,211,131838,1:625,0.24%,AttorneyPopulationDensity2016-17.pdf,7,38
7,.Anderson County,50,57734,"1:1,155",0.06%,AttorneyPopulationDensity2016-17.pdf,7,38
8,.Andrews County,8,17760,"1:2,220",0.01%,AttorneyPopulationDensity2016-17.pdf,7,38
9,.Angelina County,130,87791,1:675,0.15%,AttorneyPopulationDensity2016-17.pdf,7,38
10,.Bailey County,3,7181,"1:2,394",0.00%,AttorneyPopulationDensity2016-17.pdf,7,38
11,.Baylor County,5,3697,1:739,0.01%,AttorneyPopulationDensity2016-17.pdf,7,38
12,.Bee County,29,32750,"1:1,129",0.03%,AttorneyPopulationDensity2016-17.pdf,7,38
13,.Blanco County,27,11392,1:422,0.03%,AttorneyPopulationDensity2016-17.pdf,7,38
14,.Borden County,1,633,1:633,0.00%,AttorneyPopulationDensity2016-17.pdf,7,38
15,.Bosque County,22,18097,1:823,0.02%,AttorneyPopulationDensity2016-17.pdf,7,38
16,.Brewster County,33,9200,1:279,0.04%,AttorneyPopulationDensity2016-17.pdf,7,38
17,.Briscoe County,1,1474,"1:1,474",0.00%,AttorneyPopulationDensity2016-17.pdf,7,38
18,.Brooks County,3,7214,"1:2,405",0.00%,AttorneyPopulationDensity2016-17.pdf,7,38
19,.Brown County,46,38271,1:832,0.05%,AttorneyPopulationDensity2016-17.pdf,7,38
20,.Burnet County,86,46243,1:538,0.10%,AttorneyPopulationDensity2016-17.pdf,7,38
21,Calhoun County,17,21965,"1:1,292",0.02%,AttorneyPopulationDensity2016-17.pdf,7,38
22,.Camp County,11,12867,"1:1,170",0.01%,AttorneyPopulationDensity2016-17.pdf,7,38
23,.Cass County,21,30375,"1:1,446",0.02%,AttorneyPopulationDensity2016-17.pdf,7,38
24,.Castro County,6,7669,"1:,278",0.01%,AttorneyPopulationDensity2016-17.pdf,7,38
25,.Cherokee County,61,51668,1:847,0.07%,AttorneyPopulationDensity2016-17.pdf,7,38
26,.Childress County,7,7052,"1:1,007",0.01%,AttorneyPopulationDensity2016-17.pdf,7,38
27,.Cochran County,1,2882,"1:2,882",0.00%,AttorneyPopulationDensity2016-17.pdf,7,38
28,.Coke County,1,3264,"1:3,264",0.00%,AttorneyPopulationDensity2016-17.pdf,7,38
29,.Coleman County,7,8420,"1:1,203",0.01%,AttorneyPopulationDensity2016-17.pdf,7,38
30,.Collingsworth County,3,3016,"1:1,005",0.00%,AttorneyPopulationDensity2016-17.pdf,7,38
31,.Colorado County,26,21019,1:808,0.03%,AttorneyPopulationDensity2016-17.pdf,7,38
32,.Comanche County,14,13484,1:963,0.02%,AttorneyPopulationDensity2016-17.pdf,7,38
33,.Concho County,3,4279,"1:1,426",0.00%,AttorneyPopulationDensity2016-17.pdf,7,38
34,.Cooke County,51,39266,1:770,0.06%,AttorneyPopulationDensity2016-17.pdf,7,38
35,.Cottle County,2,1402,1:701,0.00%,AttorneyPopulationDensity2016-17.pdf,7,38
36,.Crane County,3,4830,"1:1,610",0.00%,AttorneyPopulationDensity2016-17.pdf,7,38
37,.Crockett County,9,3675,1:408,0.01%,AttorneyPopulationDensity2016-17.pdf,7,38
38,.Culberson County,1,2198,"1:2,198",0.00%,AttorneyPopulationDensity2016-17.pdf,7,38
0,.Dallam County,9,7056,1:784,0.01%,AttorneyPopulationDensity2016-17.pdf,8,43
1,.Dawson County,10,13111,"1:1,311",0.01%,AttorneyPopulationDensity2016-17.pdf,8,43
2,.Deaf Smith County,14,18830,"1:1,345",0.02%,AttorneyPopulationDensity2016-17.pdf,8,43
3,.DeWitt County,19,5215,1:274,0.02%,AttorneyPopulationDensity2016-17.pdf,8,43
4,Delta County,3,20865,"1:6,955",0.00%,AttorneyPopulationDensity2016-17.pdf,8,43
5,.Dickens County,2,2184,"1:1,092",0.00%,AttorneyPopulationDensity2016-17.pdf,8,43
6,.Dimmit County,12,10794,1:900,0.01%,AttorneyPopulationDensity2016-17.pdf,8,43
7,.Donley County,7,3405,1:486,0.01%,AttorneyPopulationDensity2016-17.pdf,8,43
8,.Duval County,7,11428,"1:1,633",0.01%,AttorneyPopulationDensity2016-17.pdf,8,43
9,.Eastland County,29,18274,1:630,0.03%,AttorneyPopulationDensity2016-17.pdf,8,43
10,.Edwards County,2,1911,1:956,0.00%,AttorneyPopulationDensity2016-17.pdf,8,43
11,.Erath County,60,41659,1:694,0.07%,AttorneyPopulationDensity2016-17.pdf,8,43
12,.Fannin County,24,34031,"1:1,418",0.03%,AttorneyPopulationDensity2016-17.pdf,8,43
13,.Fayette County,46,25149,1:547,0.05%,AttorneyPopulationDensity2016-17.pdf,8,43
14,.Fisher County,2,3854,"1:1,927",0.00%,AttorneyPopulationDensity2016-17.pdf,8,43
15,.Floyd County,6,5917,1:986,0.01%,AttorneyPopulationDensity2016-17.pdf,8,43
16,.Foard County,2,1183,1:592,0.00%,AttorneyPopulationDensity2016-17.pdf,8,43
17,.Franklin County,7,10607,"1:1,515",0.01%,AttorneyPopulationDensity2016-17.pdf,8,43
18,.Freestone County,26,19624,1:755,0.03%,AttorneyPopulationDensity2016-17.pdf,8,43
19,.Frio County,14,18956,"1:1,354",0.02%,AttorneyPopulationDensity2016-17.pdf,8,43
20,.Gaines County,7,20478,"1:2,925",0.01%,AttorneyPopulationDensity2016-17.pdf,8,43
21,.Garza County,3,6442,"1:2,147",0.00%,AttorneyPopulationDensity2016-17.pdf,8,43
22,.Gillespie County,78,26521,1:340,0.09%,AttorneyPopulationDensity2016-17.pdf,8,43
23,.Glasscock County,1,1314,"1:1,314",0.00%,AttorneyPopulationDensity2016-17.pdf,8,43
24,.Gonzales County,20,20876,"1:1,044",0.02%,AttorneyPopulationDensity2016-17.pdf,8,43
25,.Gray County,23,22725,1:988,0.03%,AttorneyPopulationDensity2016-17.pdf,8,43
26,.Grimes County,33,27671,1:839,0.04%,AttorneyPopulationDensity2016-17.pdf,8,43
27,.Hale County,31,34263,"1:1,105",0.03%,AttorneyPopulationDensity2016-17.pdf,8,43
28,.Hall County,1,3138,"1:3,138",0.00%,AttorneyPopulationDensity2016-17.pdf,8,43
29,.Hamilton County,20,8304,1:415,0.02%,AttorneyPopulationDensity2016-17.pdf,8,43
30,.Hansford County,6,5538,1:923,0.01%,AttorneyPopulationDensity2016-17.pdf,8,43
31,.Hardeman County,4,3906,1:977,0.00%,AttorneyPopulationDensity2016-17.pdf,8,43
32,.Harrison County,91,66534,1:731,0.10%,AttorneyPopulationDensity2016-17.pdf,8,43
33,.Hartley County,0,5747,1:--,0.00%,AttorneyPopulationDensity2016-17.pdf,8,43
34,.Haskell County,5,5681,"1:1,136",0.01%,AttorneyPopulationDensity2016-17.pdf,8,43
35,.Hemphill County,5,4129,1:826,0.01%,AttorneyPopulationDensity2016-17.pdf,8,43
36,.Henderson County,95,79901,1:841,0.11%,AttorneyPopulationDensity2016-17.pdf,8,43
37,.Hill County,36,35077,1:974,0.04%,AttorneyPopulationDensity2016-17.pdf,8,43
38,.Hockley County,16,23275,"1:1,455",0.02%,AttorneyPopulationDensity2016-17.pdf,8,43
39,.Hopkins County,43,36400,1:847,0.05%,AttorneyPopulationDensity2016-17.pdf,8,43
40,.Houston County,19,22754,"1:1,198",0.02%,AttorneyPopulationDensity2016-17.pdf,8,43
41,.Howard County,24,36708,"1:1,530",0.03%,AttorneyPopulationDensity2016-17.pdf,8,43
0,.Hutchinson County,19,21511,"1:1,132",0.02%,AttorneyPopulationDensity2016-17.pdf,9,43
1,.Jack County,9,8744,1:972,0.01%,AttorneyPopulationDensity2016-17.pdf,9,43
2,.Jackson County,14,14869,"1:1,062",0.02%,AttorneyPopulationDensity2016-17.pdf,9,43
3,.Jasper County,27,35648,"1:1,320",0.03%,AttorneyPopulationDensity2016-17.pdf,9,43
4,.Jeff Davis County,8,2200,1:275,0.01%,AttorneyPopulationDensity2016-17.pdf,9,43
5,.Jim Hogg County,2,5146,"1:2,573",0.00%,AttorneyPopulationDensity2016-17.pdf,9,43
6,.Jim Wells County,45,41149,1:914,0.05%,AttorneyPopulationDensity2016-17.pdf,9,43
7,.Karnes County,19,15254,1:803,0.02%,AttorneyPopulationDensity2016-17.pdf,9,43
8,.Kenedy County,1,404,1:404,0.00%,AttorneyPopulationDensity2016-17.pdf,9,43
9,.Kent County,1,769,1:769,0.00%,AttorneyPopulationDensity2016-17.pdf,9,43
10,.Kerr County,132,51504,1:390,0.15%,AttorneyPopulationDensity2016-17.pdf,9,43
11,.Kimble County,9,4423,1:491,0.01%,AttorneyPopulationDensity2016-17.pdf,9,43
12,.King County,1,289,1:289,0.00%,AttorneyPopulationDensity2016-17.pdf,9,43
13,.Kinney County,3,3590,"1:1,197",0.00%,AttorneyPopulationDensity2016-17.pdf,9,43
14,.Kleberg County,25,31690,"1:1,268",0.03%,AttorneyPopulationDensity2016-17.pdf,9,43
15,.Knox County,1,3806,"1:3,806",0.00%,AttorneyPopulationDensity2016-17.pdf,9,43
16,.Lamar County,61,49791,1:816,0.07%,AttorneyPopulationDensity2016-17.pdf,9,43
17,.Lamb County,7,13275,"1:1,896",0.01%,AttorneyPopulationDensity2016-17.pdf,9,43
18,.La Salle County,3,7613,"1:2,538",0.00%,AttorneyPopulationDensity2016-17.pdf,9,43
19,.Lavaca County,29,19809,1:683,0.03%,AttorneyPopulationDensity2016-17.pdf,9,43
20,.Lee County,16,17055,"1:1,066",0.02%,AttorneyPopulationDensity2016-17.pdf,9,43
21,.Leon County,16,17299,"1:1,081",0.02%,AttorneyPopulationDensity2016-17.pdf,9,43
22,.Limestone County,31,23468,1:757,0.03%,AttorneyPopulationDensity2016-17.pdf,9,43
23,.Lipscomb County,4,3487,1:872,0.00%,AttorneyPopulationDensity2016-17.pdf,9,43
24,.Live Oak County,13,12056,1:927,0.01%,AttorneyPopulationDensity2016-17.pdf,9,43
25,.Llano County,66,20362,1:309,0.07%,AttorneyPopulationDensity2016-17.pdf,9,43
26,.Loving County,0,113,1:--,0.00%,AttorneyPopulationDensity2016-17.pdf,9,43
27,.McCulloch County,9,8172,1:908,0.01%,AttorneyPopulationDensity2016-17.pdf,9,43
28,.McMullen County,1,804,1:804,0.00%,AttorneyPopulationDensity2016-17.pdf,9,43
29,.Madison County,15,13987,1:932,0.02%,AttorneyPopulationDensity2016-17.pdf,9,43
30,.Marion County,7,10147,"1:1,450",0.01%,AttorneyPopulationDensity2016-17.pdf,9,43
31,.Mason County,14,4111,1:294,0.02%,AttorneyPopulationDensity2016-17.pdf,9,43
32,.Matagorda County,41,37187,1:907,0.05%,AttorneyPopulationDensity2016-17.pdf,9,43
33,.Maverick County,50,57685,"1:1,154",0.06%,AttorneyPopulationDensity2016-17.pdf,9,43
34,.Menard County,3,2123,1:708,0.00%,AttorneyPopulationDensity2016-17.pdf,9,43
35,.Milam County,31,24871,1:802,0.03%,AttorneyPopulationDensity2016-17.pdf,9,43
36,.Mills County,7,4907,1:701,0.01%,AttorneyPopulationDensity2016-17.pdf,9,43
37,.Mitchell County,5,8720,"1:1,744",0.01%,AttorneyPopulationDensity2016-17.pdf,9,43
38,.Montague County,23,19414,1:844,0.03%,AttorneyPopulationDensity2016-17.pdf,9,43
39,.Moore County,14,22120,"1:1,580",0.02%,AttorneyPopulationDensity2016-17.pdf,9,43
40,.Morris County,15,12593,1:840,0.02%,AttorneyPopulationDensity2016-17.pdf,9,43
41,.Motley County,1,1160,"1:1,160",0.00%,AttorneyPopulationDensity2016-17.pdf,9,43
0,Nacogdoches County,103,65806,1:639,0.12%,AttorneyPopulationDensity2016-17.pdf,10,41
1,Navarro County,56,48523,1:866,0.06%,AttorneyPopulationDensity2016-17.pdf,10,41
2,Nolan County,23,14993,1:652,0.03%,AttorneyPopulationDensity2016-17.pdf,10,41
3,Ochiltree County,13,10306,1:793,0.01%,AttorneyPopulationDensity2016-17.pdf,10,41
4,Palo Pinto County,29,28053,1:967,0.03%,AttorneyPopulationDensity2016-17.pdf,10,41
5,Panola County,21,23492,"1:1,119",0.02%,AttorneyPopulationDensity2016-17.pdf,10,41
6,Parmer County,5,9776,"1:1,955",0.01%,AttorneyPopulationDensity2016-17.pdf,10,41
7,Pecos County,13,15970,"1:1,228",0.01%,AttorneyPopulationDensity2016-17.pdf,10,41
8,Polk County,59,47916,1:812,0.07%,AttorneyPopulationDensity2016-17.pdf,10,41
9,Presidio County,9,6958,1:773,0.01%,AttorneyPopulationDensity2016-17.pdf,10,41
10,Rains County,6,11314,"1:1,886",0.01%,AttorneyPopulationDensity2016-17.pdf,10,41
11,Reagan County,4,3608,1:902,0.00%,AttorneyPopulationDensity2016-17.pdf,10,41
12,Real County,8,3389,1:424,0.01%,AttorneyPopulationDensity2016-17.pdf,10,41
13,Red River County,6,12207,"1:2,035",0.01%,AttorneyPopulationDensity2016-17.pdf,10,41
14,Reeves County,9,14921,"1:1,658",0.01%,AttorneyPopulationDensity2016-17.pdf,10,41
15,Refugio County,8,7321,1:915,0.01%,AttorneyPopulationDensity2016-17.pdf,10,41
16,Roberts County,3,916,1:305,0.00%,AttorneyPopulationDensity2016-17.pdf,10,41
17,Runnels County,9,10448,"1:1,161",0.01%,AttorneyPopulationDensity2016-17.pdf,10,41
18,Sabine County,8,10303,"1:1,288",0.01%,AttorneyPopulationDensity2016-17.pdf,10,41
19,San Augustine County,6,8320,"1:1,387",0.01%,AttorneyPopulationDensity2016-17.pdf,10,41
20,San Jacinto County,15,27707,"1:1,847",0.02%,AttorneyPopulationDensity2016-17.pdf,10,41
21,San Saba County,17,5944,1:350,0.02%,AttorneyPopulationDensity2016-17.pdf,10,41
22,Schleicher County,4,3056,1:764,0.00%,AttorneyPopulationDensity2016-17.pdf,10,41
23,Scurry County,9,17333,"1:1,926",0.01%,AttorneyPopulationDensity2016-17.pdf,10,41
24,Shackelford County,4,3315,1:829,0.00%,AttorneyPopulationDensity2016-17.pdf,10,41
25,Shelby County,26,25579,1:984,0.03%,AttorneyPopulationDensity2016-17.pdf,10,41
26,Sherman County,0,3068,1:--,0.00%,AttorneyPopulationDensity2016-17.pdf,10,41
27,Starr County,44,64122,"1:1,457",0.05%,AttorneyPopulationDensity2016-17.pdf,10,41
28,Stephens County,3,9906,"1:3,302",0.00%,AttorneyPopulationDensity2016-17.pdf,10,41
29,Sterling County,1,1367,"1:1,367",0.00%,AttorneyPopulationDensity2016-17.pdf,10,41
30,Stonewall County,2,1426,1:713,0.00%,AttorneyPopulationDensity2016-17.pdf,10,41
31,Sutton County,7,3869,1:553,0.01%,AttorneyPopulationDensity2016-17.pdf,10,41
32,Swisher County,5,7466,"1:1,493",0.01%,AttorneyPopulationDensity2016-17.pdf,10,41
33,Terrell County,2,812,1:406,0.00%,AttorneyPopulationDensity2016-17.pdf,10,41
34,Terry County,8,12799,"1:1,600",0.01%,AttorneyPopulationDensity2016-17.pdf,10,41
35,Throckmorton County,1,1533,"1:1,533",0.00%,AttorneyPopulationDensity2016-17.pdf,10,41
36,Titus County,25,32592,"1:1,304",0.03%,AttorneyPopulationDensity2016-17.pdf,10,41
37,Trinity County,6,14442,"1:2,407",0.01%,AttorneyPopulationDensity2016-17.pdf,10,41
38,Tyler County,17,21320,"1:1,254",0.02%,AttorneyPopulationDensity2016-17.pdf,10,41
39,Upton County,2,3673,"1:1,837",0.00%,AttorneyPopulationDensity2016-17.pdf,10,41
0,.Uvalde County,30,27285,1:910,0.03%,AttorneyPopulationDensity2016-17.pdf,11,17
1,.Val Verde County,63,48881,1:776,0.07%,AttorneyPopulationDensity2016-17.pdf,11,17
2,.Van Zandt County,48,54355,"1:1,132",0.05%,AttorneyPopulationDensity2016-17.pdf,11,17
3,.Walker County,101,71484,1:708,0.11%,AttorneyPopulationDensity2016-17.pdf,11,17
4,.Ward County,8,11600,"1:1,450",0.01%,AttorneyPopulationDensity2016-17.pdf,11,17
5,.Washington County,86,35056,1:408,0.10%,AttorneyPopulationDensity2016-17.pdf,11,17
6,.Wharton County,48,41735,1:869,0.05%,AttorneyPopulationDensity2016-17.pdf,11,17
7,.Wheeler County,4,5546,"1:1,387",0.00%,AttorneyPopulationDensity2016-17.pdf,11,17
8,.Wilbarger County,10,12892,"1:1,289",0.01%,AttorneyPopulationDensity2016-17.pdf,11,17
9,.Willacy County,8,21810,"1:2,726",0.01%,AttorneyPopulationDensity2016-17.pdf,11,17
10,.Winkler County,4,7893,"1:1,973",0.00%,AttorneyPopulationDensity2016-17.pdf,11,17
11,.Wood County,47,44227,1:941,0.05%,AttorneyPopulationDensity2016-17.pdf,11,17
12,.Yoakum County,4,8488,"1:2,122",0.00%,AttorneyPopulationDensity2016-17.pdf,11,17
13,.Young County,24,18152,1:756,0.03%,AttorneyPopulationDensity2016-17.pdf,11,17
14,.Zapata County,2,14349,"1:7,175",0.00%,AttorneyPopulationDensity2016-17.pdf,11,17
15,.Zavala County,4,12023,"1:3,006",0.00%,AttorneyPopulationDensity2016-17.pdf,11,17
0,Abilene MSA,256,166416,1:650,0.32%,PopulationDensityReport11-12.pdf,0,13
1,Callahan County,5,13515,"1:2,703",0.01%,PopulationDensityReport11-12.pdf,0,13
2,Jones County,12,20146,"1:1,679",0.01%,PopulationDensityReport11-12.pdf,0,13
3,Taylor County,239,132755,1:555,0.30%,PopulationDensityReport11-12.pdf,0,13
4,Amarillo MSA,576,253823,1:441,0.71%,PopulationDensityReport11-12.pdf,0,13
5,Armstrong County,1,1928,"1:1,928",0.00%,PopulationDensityReport11-12.pdf,0,13
6,Carson County,3,6259,"1:2,086",0.00%,PopulationDensityReport11-12.pdf,0,13
7,Potter County,422,122285,1:290,0.52%,PopulationDensityReport11-12.pdf,0,13
8,Randall County,150,123351,1:822,0.19%,PopulationDensityReport11-12.pdf,0,13
9,Austin-Round Rock MSA,10550,1783519,1:169,13.08%,PopulationDensityReport11-12.pdf,0,13
10,Bastrop County,103,75115,1:729,0.13%,PopulationDensityReport11-12.pdf,0,13
11,Caldwell County,39,38442,1:986,0.05%,PopulationDensityReport11-12.pdf,0,13
12,Hays County,391,164050,1:420,0.48%,PopulationDensityReport11-12.pdf,0,13
13,Travis County,9212,1063130,1:115,11.42%,PopulationDensityReport11-12.pdf,0,13
14,Williamson County,805,442782,1:550,1.00%,PopulationDensityReport11-12.pdf,0,13
0,Beaumont-Port Arthur MSA,813,390535,1:480,1.01%,PopulationDensityReport11-12.pdf,1,34
1,Hardin County,59,55246,1:936,0.07%,PopulationDensityReport11-12.pdf,1,34
2,Jefferson County,674,252802,1:375,0.84%,PopulationDensityReport11-12.pdf,1,34
3,Orange County,80,82487,"1:1,031",0.10%,PopulationDensityReport11-12.pdf,1,34
4,Brownsville-Harlingen MSA,539,414123,1:768,0.67%,PopulationDensityReport11-12.pdf,1,34
5,Cameron County,539,414123,1:768,0.67%,PopulationDensityReport11-12.pdf,1,34
6,College Station-Bryan MSA,378,231623,1:613,0.47%,PopulationDensityReport11-12.pdf,1,34
7,Brazos County,343,197632,1:576,0.43%,PopulationDensityReport11-12.pdf,1,34
8,Burleson County,14,17251,"1:1,232",0.02%,PopulationDensityReport11-12.pdf,1,34
9,Robertson County,21,16740,1:797,0.03%,PopulationDensityReport11-12.pdf,1,34
10,Corpus Christi MSA,1033,431381,1:418,1.28%,PopulationDensityReport11-12.pdf,1,34
11,Aransas County,36,23374,1:649,0.04%,PopulationDensityReport11-12.pdf,1,34
12,Nueces County,926,343281,1:371,1.15%,PopulationDensityReport11-12.pdf,1,34
13,San Patricio County,71,64726,1:912,0.09%,PopulationDensityReport11-12.pdf,1,34
14,Dallas-Fort Worth-Arlington MSA,24357,6526548,1:268,30.20%,PopulationDensityReport11-12.pdf,1,34
15,Collin County,2102,812226,1:386,2.61%,PopulationDensityReport11-12.pdf,1,34
16,Dallas County,15200,2416014,1:159,18.85%,PopulationDensityReport11-12.pdf,1,34
17,Delta County,4,5212,"1:1,303",0.00%,PopulationDensityReport11-12.pdf,1,34
18,Denton County,1305,686406,1:526,1.62%,PopulationDensityReport11-12.pdf,1,34
19,Ellis County,184,152753,1:830,0.23%,PopulationDensityReport11-12.pdf,1,34
20,Hunt County,68,86531,"1:1,273",0.08%,PopulationDensityReport11-12.pdf,1,34
21,Johnson County,152,152734,"1:1,005",0.19%,PopulationDensityReport11-12.pdf,1,34
22,Kaufman County,120,105358,1:878,0.15%,PopulationDensityReport11-12.pdf,1,34
23,Parker County,162,118376,1:731,0.20%,PopulationDensityReport11-12.pdf,1,34
24,Rockwall County,205,81290,1:397,0.25%,PopulationDensityReport11-12.pdf,1,34
25,Tarrant County,4802,1849815,1:385,5.95%,PopulationDensityReport11-12.pdf,1,34
26,Wise County,53,59833,"1:1,129",0.07%,PopulationDensityReport11-12.pdf,1,34
27,El Paso MSA,1202,820790,1:683,1.49%,PopulationDensityReport11-12.pdf,1,34
28,El Paso County,1202,820790,1:683,1.49%,PopulationDensityReport11-12.pdf,1,34
29,Houston-Sugar Land-Baytown MSA,25727,6086538,1:237,31.90%,PopulationDensityReport11-12.pdf,1,34
30,Austin County,52,28665,1:551,0.06%,PopulationDensityReport11-12.pdf,1,34
31,Brazoria County,625,319973,1:512,0.77%,PopulationDensityReport11-12.pdf,1,34
32,Chambers County,29,35552,"1:1,226",0.04%,PopulationDensityReport11-12.pdf,1,34
33,Fort Bend County,1358,606953,1:447,1.68%,PopulationDensityReport11-12.pdf,1,34
34,Galveston County,685,295747,1:432,0.85%,PopulationDensityReport11-12.pdf,1,34
35,Harris County,21688,4180894,1:193,26.89%,PopulationDensityReport11-12.pdf,1,34
36,Liberty County,71,76206,"1:1,073",0.09%,PopulationDensityReport11-12.pdf,1,34
37,Montgomery County,1158,471734,1:407,1.44%,PopulationDensityReport11-12.pdf,1,34
38,San Jacinto County,17,26801,"1:1,577",0.02%,PopulationDensityReport11-12.pdf,1,34
39,Waller County,44,44013,"1:1,000",0.05%,PopulationDensityReport11-12.pdf,1,34
0,Killeen-Temple-Fort Hood MSA,388,411595,"1:1,061",0.48%,PopulationDensityReport11-12.pdf,2,29
1,.Bell County,328,315196,1:961,0.41%,PopulationDensityReport11-12.pdf,2,29
2,.Coryell County,42,76508,"1:1,822",0.05%,PopulationDensityReport11-12.pdf,2,29
3,.Lampasas County,18,19891,"1:1,105",0.02%,PopulationDensityReport11-12.pdf,2,29
4,Laredo MSA,322,256496,1:797,0.40%,PopulationDensityReport11-12.pdf,2,29
5,.Webb County,322,256496,1:797,0.40%,PopulationDensityReport11-12.pdf,2,29
6,Long View MSA,369,216666,1:587,0.46%,PopulationDensityReport11-12.pdf,2,29
7,.Gregg County,302,123081,1:408,0.37%,PopulationDensityReport11-12.pdf,2,29
8,.Rusk County,35,53759,"1:1,536",0.04%,PopulationDensityReport11-12.pdf,2,29
9,.Upshur County,32,39826,"1:1,245",0.04%,PopulationDensityReport11-12.pdf,2,29
10,Lubbock MSA,778,290002,1:373,0.96%,PopulationDensityReport11-12.pdf,2,29
11,.Crosby County,5,6092,"1:1,218",0.01%,PopulationDensityReport11-12.pdf,2,29
12,.Lubbock County,773,283910,1:367,0.96%,PopulationDensityReport11-12.pdf,2,29
13,McAllen-Edinburgh-Pharr MSA,959,797810,1:832,1.19%,PopulationDensityReport11-12.pdf,2,29
14,.Hidalgo County,959,797810,1:832,1.19%,PopulationDensityReport11-12.pdf,2,29
15,Midland MSA,409,140308,1:343,0.51%,PopulationDensityReport11-12.pdf,2,29
16,.Midland County,409,140308,1:343,0.51%,PopulationDensityReport11-12.pdf,2,29
17,Odessa MSA,171,140111,1:819,0.21%,PopulationDensityReport11-12.pdf,2,29
18,.Ector County,171,140111,1:819,0.21%,PopulationDensityReport11-12.pdf,2,29
19,San Angelo MSA,199,113443,1:570,0.25%,PopulationDensityReport11-12.pdf,2,29
20,.Irion County,0,1620,1:--,0.00%,PopulationDensityReport11-12.pdf,2,29
21,.Tom Green County,199,111823,1:562,0.25%,PopulationDensityReport11-12.pdf,2,29
22,San Antonio MSA,6170,2194927,1:356,7.65%,PopulationDensityReport11-12.pdf,2,29
23,.Atascosa County,35,45579,"1:1,302",0.04%,PopulationDensityReport11-12.pdf,2,29
24,.Bandera County,32,20538,1:642,0.04%,PopulationDensityReport11-12.pdf,2,29
25,.Bexar County,5486,1756153,1:320,6.80%,PopulationDensityReport11-12.pdf,2,29
26,.Comal County,251,111963,1:446,0.31%,PopulationDensityReport11-12.pdf,2,29
27,.Guadalupe County,131,135757,"1:1,036",0.16%,PopulationDensityReport11-12.pdf,2,29
28,.Kendall County,159,34781,1:219,0.20%,PopulationDensityReport11-12.pdf,2,29
29,.Medina County,45,46367,"1:1,030",0.06%,PopulationDensityReport11-12.pdf,2,29
30,.Wilson County,31,43789,"1:1,413",0.04%,PopulationDensityReport11-12.pdf,2,29
31,Sherman-Denison MSA,191,121419,1:636,0.24%,PopulationDensityReport11-12.pdf,2,29
32,.Grayson County,191,121419,1:636,0.24%,PopulationDensityReport11-12.pdf,2,29
33,Texarkana MSA,215,92793,1:432,0.27%,PopulationDensityReport11-12.pdf,2,29
34,.Bowie County,215,92793,1:432,0.27%,PopulationDensityReport11-12.pdf,2,29
35,Tyler MSA,604,213381,1:353,0.75%,PopulationDensityReport11-12.pdf,2,29
36,.Smith County,604,213381,1:353,0.75%,PopulationDensityReport11-12.pdf,2,29
37,Victoria MSA,198,116230,1:587,0.25%,PopulationDensityReport11-12.pdf,2,29
38,.Calhoun County,20,21442,"1:1,072",0.02%,PopulationDensityReport11-12.pdf,2,29
39,.Goliad County,8,7243,1:905,0.01%,PopulationDensityReport11-12.pdf,2,29
40,.Victoria County,170,87545,1:515,0.21%,PopulationDensityReport11-12.pdf,2,29
0,Waco MSA,599,238564,1:398,0.74%,PopulationDensityReport11-12.pdf,3,36
1,.McLennan County,599,238564,1:398,0.74%,PopulationDensityReport11-12.pdf,3,36
2,Wichita Falls MSA,225,150261,1:668,0.28%,PopulationDensityReport11-12.pdf,3,36
3,.Archer County,6,8842,"1:1,474",0.01%,PopulationDensityReport11-12.pdf,3,36
4,.Clay County,5,10721,"1:2,144",0.01%,PopulationDensityReport11-12.pdf,3,36
5,.Wichita County,214,130698,1:611,0.27%,PopulationDensityReport11-12.pdf,3,36
6,Non-Metropolitan Counties,3359,3075379,1:916,4.16%,PopulationDensityReport11-12.pdf,3,36
7,.Anderson County,57,58308,"1:1,023",0.07%,PopulationDensityReport11-12.pdf,3,36
8,.Andrews County,10,15445,"1:1,545",0.01%,PopulationDensityReport11-12.pdf,3,36
9,.Angelina County,139,87669,1:631,0.17%,PopulationDensityReport11-12.pdf,3,36
10,.Bailey County,3,7247,"1:2,416",0.00%,PopulationDensityReport11-12.pdf,3,36
11,.Baylor County,2,3741,"1:1,871",0.00%,PopulationDensityReport11-12.pdf,3,36
12,.Bee County,27,32095,"1:1,189",0.03%,PopulationDensityReport11-12.pdf,3,36
13,.Blanco County,24,10600,1:442,0.03%,PopulationDensityReport11-12.pdf,3,36
14,.Borden County,0,626,1:--,0.00%,PopulationDensityReport11-12.pdf,3,36
15,.Bosque County,17,18306,"1:1,077",0.02%,PopulationDensityReport11-12.pdf,3,36
16,.Brewster County,36,9386,1:261,0.04%,PopulationDensityReport11-12.pdf,3,36
17,.Briscoe County,1,1651,"1:1,651",0.00%,PopulationDensityReport11-12.pdf,3,36
18,.Brooks County,3,7222,"1:2,407",0.00%,PopulationDensityReport11-12.pdf,3,36
19,.Brown County,50,38186,1:764,0.06%,PopulationDensityReport11-12.pdf,3,36
20,.Burnet County,66,43117,1:653,0.08%,PopulationDensityReport11-12.pdf,3,36
21,.Camp County,9,12407,"1:1,379",0.01%,PopulationDensityReport11-12.pdf,3,36
22,.Cass County,21,30256,"1:1,441",0.03%,PopulationDensityReport11-12.pdf,3,36
23,.Castro County,5,8116,"1:1,623",0.01%,PopulationDensityReport11-12.pdf,3,36
24,.Cherokee County,58,51140,1:882,0.07%,PopulationDensityReport11-12.pdf,3,36
25,.Childress County,8,6984,1:873,0.01%,PopulationDensityReport11-12.pdf,3,36
26,.Cochran County,1,3109,"1:3,109",0.00%,PopulationDensityReport11-12.pdf,3,36
27,.Coke County,1,3305,"1:3,305",0.00%,PopulationDensityReport11-12.pdf,3,36
28,.Coleman County,8,8763,"1:1,095",0.01%,PopulationDensityReport11-12.pdf,3,36
29,.Collingsworth County,2,3092,"1:1,546",0.00%,PopulationDensityReport11-12.pdf,3,36
30,.Colorado County,22,20816,1:946,0.03%,PopulationDensityReport11-12.pdf,3,36
31,.Comanche County,17,13891,1:817,0.02%,PopulationDensityReport11-12.pdf,3,36
32,.Concho County,1,4081,"1:4,081",0.00%,PopulationDensityReport11-12.pdf,3,36
33,.Cooke County,47,38396,1:817,0.06%,PopulationDensityReport11-12.pdf,3,36
34,.Cottle County,2,1499,1:750,0.00%,PopulationDensityReport11-12.pdf,3,36
35,.Crane County,2,4383,"1:2,192",0.00%,PopulationDensityReport11-12.pdf,3,36
36,.Crockett County,12,3722,1:310,0.01%,PopulationDensityReport11-12.pdf,3,36
37,.Culberson County,2,2383,"1:1,192",0.00%,PopulationDensityReport11-12.pdf,3,36
0,.Dallam County,10,6866,1:687,0.01%,PopulationDensityReport11-12.pdf,4,45
1,.Dawson County,9,13751,"1:1,528",0.01%,PopulationDensityReport11-12.pdf,4,45
2,.Deaf Smith County,14,19595,"1:1,400",0.02%,PopulationDensityReport11-12.pdf,4,45
3,.DeWitt County,15,20255,"1:1,350",0.02%,PopulationDensityReport11-12.pdf,4,45
4,.Dickens County,1,2402,"1:2,402",0.00%,PopulationDensityReport11-12.pdf,4,45
5,.Dimmit County,12,10118,1:843,0.01%,PopulationDensityReport11-12.pdf,4,45
6,.Donley County,5,3651,1:730,0.01%,PopulationDensityReport11-12.pdf,4,45
7,.Duval County,8,11669,"1:1,459",0.01%,PopulationDensityReport11-12.pdf,4,45
8,.Eastland County,31,18633,1:601,0.04%,PopulationDensityReport11-12.pdf,4,45
9,.Edwards County,3,1966,1:655,0.00%,PopulationDensityReport11-12.pdf,4,45
10,.Erath County,59,38266,1:649,0.07%,PopulationDensityReport11-12.pdf,4,45
11,.Falls County,10,17944,"1:1,794",0.01%,PopulationDensityReport11-12.pdf,4,45
12,.Fannin County,20,33958,"1:1,698",0.02%,PopulationDensityReport11-12.pdf,4,45
13,.Fayette County,46,24732,1:538,0.06%,PopulationDensityReport11-12.pdf,4,45
14,.Fisher County,2,3914,"1:1,957",0.00%,PopulationDensityReport11-12.pdf,4,45
15,.Floyd County,6,6394,"1:1,066",0.01%,PopulationDensityReport11-12.pdf,4,45
16,.Foard County,2,1341,1:671,0.00%,PopulationDensityReport11-12.pdf,4,45
17,.Franklin County,9,10551,"1:1,172",0.01%,PopulationDensityReport11-12.pdf,4,45
18,.Freestone County,24,19684,1:820,0.03%,PopulationDensityReport11-12.pdf,4,45
19,.Frio County,12,17400,"1:1,450",0.01%,PopulationDensityReport11-12.pdf,4,45
20,.Gaines County,5,18003,"1:3,601",0.01%,PopulationDensityReport11-12.pdf,4,45
21,.Garza County,2,6562,"1:3,281",0.00%,PopulationDensityReport11-12.pdf,4,45
22,.Gillespie County,62,25114,1:405,0.08%,PopulationDensityReport11-12.pdf,4,45
23,.Glasscock County,0,1251,1:--,0.00%,PopulationDensityReport11-12.pdf,4,45
24,.Gonzales County,17,19904,"1:1,171",0.02%,PopulationDensityReport11-12.pdf,4,45
25,.Gray County,24,22755,1:948,0.03%,PopulationDensityReport11-12.pdf,4,45
26,.Grimes County,29,26887,1:927,0.04%,PopulationDensityReport11-12.pdf,4,45
27,.Hale County,27,36498,"1:1,352",0.03%,PopulationDensityReport11-12.pdf,4,45
28,.Hall County,1,3377,"1:3,377",0.00%,PopulationDensityReport11-12.pdf,4,45
29,.Hamilton County,14,8472,1:605,0.02%,PopulationDensityReport11-12.pdf,4,45
30,.Hansford County,6,5577,1:930,0.01%,PopulationDensityReport11-12.pdf,4,45
31,.Hardeman County,4,4176,"1:1,044",0.00%,PopulationDensityReport11-12.pdf,4,45
32,.Harrison County,83,66296,1:799,0.10%,PopulationDensityReport11-12.pdf,4,45
33,.Hartley County,0,5971,1:--,0.00%,PopulationDensityReport11-12.pdf,4,45
34,.Haskell County,5,5989,"1:1,198",0.01%,PopulationDensityReport11-12.pdf,4,45
35,.Hemphill County,4,3970,1:993,0.00%,PopulationDensityReport11-12.pdf,4,45
36,.Henderson County,95,78826,1:830,0.12%,PopulationDensityReport11-12.pdf,4,45
37,.Hill County,34,35392,"1:1,041",0.04%,PopulationDensityReport11-12.pdf,4,45
38,.Hockley County,16,22892,"1:1,431",0.02%,PopulationDensityReport11-12.pdf,4,45
39,.Hood County,82,51670,1:630,0.10%,PopulationDensityReport11-12.pdf,4,45
40,.Hopkins County,38,35371,1:931,0.05%,PopulationDensityReport11-12.pdf,4,45
41,.Houston County,20,23484,"1:1,174",0.02%,PopulationDensityReport11-12.pdf,4,45
42,.Howard County,20,35122,"1:1,756",0.02%,PopulationDensityReport11-12.pdf,4,45
43,.Hudspeth County,1,3423,"1:3,423",0.00%,PopulationDensityReport11-12.pdf,4,45
0,.Hutchinson County,23,22132,1:962,0.03%,PopulationDensityReport11-12.pdf,5,45
1,.Jack County,9,9035,"1:1,004",0.01%,PopulationDensityReport11-12.pdf,5,45
2,.Jackson County,11,14032,"1:1,276",0.01%,PopulationDensityReport11-12.pdf,5,45
3,.Jasper County,28,36296,"1:1,296",0.03%,PopulationDensityReport11-12.pdf,5,45
4,.Jeff Davis County,7,2288,1:327,0.01%,PopulationDensityReport11-12.pdf,5,45
5,.Jim Hogg County,3,5265,"1:1,755",0.00%,PopulationDensityReport11-12.pdf,5,45
6,.Jim Wells County,46,41339,1:899,0.06%,PopulationDensityReport11-12.pdf,5,45
7,.Karnes County,17,14946,1:879,0.02%,PopulationDensityReport11-12.pdf,5,45
8,.Kenedy County,3,437,1:146,0.00%,PopulationDensityReport11-12.pdf,5,45
9,.Kent County,1,825,1:825,0.00%,PopulationDensityReport11-12.pdf,5,45
10,.Kerr County,141,49783,1:353,0.17%,PopulationDensityReport11-12.pdf,5,45
11,.Kimble County,11,4632,1:421,0.01%,PopulationDensityReport11-12.pdf,5,45
12,.King County,0,255,1:--,0.00%,PopulationDensityReport11-12.pdf,5,45
13,.Kinney County,3,3630,"1:1,210",0.00%,PopulationDensityReport11-12.pdf,5,45
14,.Kleberg County,29,32196,"1:1,110",0.04%,PopulationDensityReport11-12.pdf,5,45
15,.Knox County,2,3758,"1:1,879",0.00%,PopulationDensityReport11-12.pdf,5,45
16,.Lamar County,4,7001,"1:1,750",0.00%,PopulationDensityReport11-12.pdf,5,45
17,.Lamb County,56,50074,1:894,0.07%,PopulationDensityReport11-12.pdf,5,45
18,.La Salle County,11,14167,"1:1,288",0.01%,PopulationDensityReport11-12.pdf,5,45
19,.Lavaca County,24,19347,1:806,0.03%,PopulationDensityReport11-12.pdf,5,45
20,.Lee County,18,16666,1:926,0.02%,PopulationDensityReport11-12.pdf,5,45
21,.Leon County,15,16916,"1:1,128",0.02%,PopulationDensityReport11-12.pdf,5,45
22,.Limestone County,31,23634,1:762,0.04%,PopulationDensityReport11-12.pdf,5,45
23,.Lipscomb County,3,3327,"1:1,109",0.00%,PopulationDensityReport11-12.pdf,5,45
24,.Live Oak County,11,11447,"1:1,041",0.01%,PopulationDensityReport11-12.pdf,5,45
25,.Llano County,71,19181,1:270,0.09%,PopulationDensityReport11-12.pdf,5,45
26,.Loving County,0,94,1:--,0.00%,PopulationDensityReport11-12.pdf,5,45
27,.Lynn County,7,5888,1:841,0.01%,PopulationDensityReport11-12.pdf,5,45
28,.McCulloch County,6,8290,"1:1,382",0.01%,PopulationDensityReport11-12.pdf,5,45
29,.McMullen County,0,690,1:--,0.00%,PopulationDensityReport11-12.pdf,5,45
30,.Madison County,13,13747,"1:1,057",0.02%,PopulationDensityReport11-12.pdf,5,45
31,.Marion County,6,10507,"1:1,751",0.01%,PopulationDensityReport11-12.pdf,5,45
32,.Martin County,2,4934,"1:2,467",0.00%,PopulationDensityReport11-12.pdf,5,45
33,.Mason County,10,3984,1:398,0.01%,PopulationDensityReport11-12.pdf,5,45
34,.Matagorda County,39,36809,1:944,0.05%,PopulationDensityReport11-12.pdf,5,45
35,.Maverick County,45,55405,"1:1,231",0.06%,PopulationDensityReport11-12.pdf,5,45
36,.Menard County,2,2264,"1:1,132",0.00%,PopulationDensityReport11-12.pdf,5,45
37,.Milam County,31,24699,1:797,0.04%,PopulationDensityReport11-12.pdf,5,45
38,.Mills County,7,4848,1:693,0.01%,PopulationDensityReport11-12.pdf,5,45
39,.Mitchell County,4,9426,"1:2,357",0.00%,PopulationDensityReport11-12.pdf,5,45
40,.Montague County,18,19710,"1:1,095",0.02%,PopulationDensityReport11-12.pdf,5,45
41,.Moore County,16,21954,"1:1,372",0.02%,PopulationDensityReport11-12.pdf,5,45
42,.Morris County,18,12848,1:714,0.02%,PopulationDensityReport11-12.pdf,5,45
43,.Motley County,2,1230,1:615,0.00%,PopulationDensityReport11-12.pdf,5,45
0,.Nacogdoches County,90,65466,1:727,0.11%,PopulationDensityReport11-12.pdf,6,43
1,.Navarro County,55,48054,1:874,0.07%,PopulationDensityReport11-12.pdf,6,43
2,.Newton County,6,14454,"1:2,409",0.01%,PopulationDensityReport11-12.pdf,6,43
3,.Nolan County,20,15269,1:763,0.02%,PopulationDensityReport11-12.pdf,6,43
4,.Ochiltree County,14,10530,1:752,0.02%,PopulationDensityReport11-12.pdf,6,43
5,.Oldham County,0,2074,1:--,0.00%,PopulationDensityReport11-12.pdf,6,43
6,.Palo Pinto County,27,28115,"1:1,041",0.03%,PopulationDensityReport11-12.pdf,6,43
7,.Panola County,21,24058,"1:1,146",0.03%,PopulationDensityReport11-12.pdf,6,43
8,.Parmer County,4,10332,"1:2,583",0.00%,PopulationDensityReport11-12.pdf,6,43
9,.Pecos County,9,15716,"1:1,746",0.01%,PopulationDensityReport11-12.pdf,6,43
10,.Polk County,42,45725,"1:1,089",0.05%,PopulationDensityReport11-12.pdf,6,43
11,.Presidio County,11,7761,1:706,0.01%,PopulationDensityReport11-12.pdf,6,43
12,.Rains County,5,11059,"1:2,212",0.01%,PopulationDensityReport11-12.pdf,6,43
13,.Reagan County,2,3390,"1:1,695",0.00%,PopulationDensityReport11-12.pdf,6,43
14,.Real County,3,3426,"1:1,142",0.00%,PopulationDensityReport11-12.pdf,6,43
15,.Red River County,7,12703,"1:1,815",0.01%,PopulationDensityReport11-12.pdf,6,43
16,.Reeves County,7,13757,"1:1,965",0.01%,PopulationDensityReport11-12.pdf,6,43
17,.Refugio County,7,7291,"1:1,042",0.01%,PopulationDensityReport11-12.pdf,6,43
18,.Roberts County,0,816,1:--,0.00%,PopulationDensityReport11-12.pdf,6,43
19,.Runnels County,10,10524,"1:1,052",0.01%,PopulationDensityReport11-12.pdf,6,43
20,.Sabine County,6,10740,"1:1,790",0.01%,PopulationDensityReport11-12.pdf,6,43
21,.San Augustine County,6,8874,"1:1,479",0.01%,PopulationDensityReport11-12.pdf,6,43
22,.San Saba County,12,6023,1:502,0.01%,PopulationDensityReport11-12.pdf,6,43
23,.Schleicher County,2,3309,"1:1,655",0.00%,PopulationDensityReport11-12.pdf,6,43
24,.Scurry County,9,16919,"1:1,880",0.01%,PopulationDensityReport11-12.pdf,6,43
25,.Shackelford County,2,3318,"1:1,659",0.00%,PopulationDensityReport11-12.pdf,6,43
26,.Shelby County,28,25772,1:920,0.03%,PopulationDensityReport11-12.pdf,6,43
27,.Sherman County,0,3040,1:--,0.00%,PopulationDensityReport11-12.pdf,6,43
28,.Somervell County,5,8451,"1:1,690",0.01%,PopulationDensityReport11-12.pdf,6,43
29,.Starr County,40,61715,"1:1,543",0.05%,PopulationDensityReport11-12.pdf,6,43
30,.Stephens County,6,9548,"1:1,591",0.01%,PopulationDensityReport11-12.pdf,6,43
31,.Sterling County,1,1158,"1:1,158",0.00%,PopulationDensityReport11-12.pdf,6,43
32,.Stonewall County,0,1472,1:--,0.00%,PopulationDensityReport11-12.pdf,6,43
33,.Sutton County,5,4007,1:801,0.01%,PopulationDensityReport11-12.pdf,6,43
34,.Swisher County,4,7801,"1:1,950",0.00%,PopulationDensityReport11-12.pdf,6,43
35,.Terrell County,3,960,1:320,0.00%,PopulationDensityReport11-12.pdf,6,43
36,.Terry County,9,12675,"1:1,408",0.01%,PopulationDensityReport11-12.pdf,6,43
37,.Throckmorton County,1,1609,"1:1,609",0.00%,PopulationDensityReport11-12.pdf,6,43
38,.Titus County,25,32596,"1:1,304",0.03%,PopulationDensityReport11-12.pdf,6,43
39,.Trinity County,8,14659,"1:1,832",0.01%,PopulationDensityReport11-12.pdf,6,43
40,.Tyler County,15,21666,"1:1,444",0.02%,PopulationDensityReport11-12.pdf,6,43
41,.Upton County,2,3346,"1:1,673",0.00%,PopulationDensityReport11-12.pdf,6,43
0,.Uvalde County,32,26535,1:829,0.04%,PopulationDensityReport11-12.pdf,7,18
1,.Val Verde County,73,49106,1:673,0.09%,PopulationDensityReport11-12.pdf,7,18
2,.Van Zandt County,41,52776,"1:1,287",0.05%,PopulationDensityReport11-12.pdf,7,18
3,.Walker County,107,68087,1:636,0.13%,PopulationDensityReport11-12.pdf,7,18
4,.Ward County,7,10716,"1:1,531",0.01%,PopulationDensityReport11-12.pdf,7,18
5,.Washington County,69,33791,1:490,0.09%,PopulationDensityReport11-12.pdf,7,18
6,.Wharton County,46,41314,1:898,0.06%,PopulationDensityReport11-12.pdf,7,18
7,.Wheeler County,6,5465,1:911,0.01%,PopulationDensityReport11-12.pdf,7,18
8,.Wilbarger County,12,13404,"1:1,117",0.01%,PopulationDensityReport11-12.pdf,7,18
9,.Willacy County,8,22095,"1:2,762",0.01%,PopulationDensityReport11-12.pdf,7,18
10,.Winkler County,4,7178,"1:1,795",0.00%,PopulationDensityReport11-12.pdf,7,18
11,.Wood County,44,42164,1:958,0.05%,PopulationDensityReport11-12.pdf,7,18
12,.Yoakum County,4,8005,"1:2,001",0.00%,PopulationDensityReport11-12.pdf,7,18
13,.Young County,25,18484,1:739,0.03%,PopulationDensityReport11-12.pdf,7,18
14,.Zapata County,3,14282,"1:4,761",0.00%,PopulationDensityReport11-12.pdf,7,18
15,.Zavala County,5,11849,"1:2,370",0.01%,PopulationDensityReport11-12.pdf,7,18
